{
  "main": {
    "id": "0df28f52203bbc15",
    "type": "split",
    "children": [
      {
        "id": "e63d4dfd338fc652",
        "type": "tabs",
        "children": [
          {
            "id": "057573d609a6bd4c",
            "type": "leaf",
            "state": {
              "type": "markdown",
              "state": {
                "file": "Lecture Notes/November 17 2025.md",
                "mode": "source",
                "source": false
              },
              "icon": "lucide-file",
              "title": "November 17 2025"
            }
          },
          {
            "id": "9f5a5ffa5bc1c322",
            "type": "leaf",
            "state": {
              "type": "markdown",
              "state": {
                "file": "Lecture Notes/November 19 2025.md",
                "mode": "source",
                "source": false
              },
              "icon": "lucide-file",
              "title": "November 19 2025"
            }
          },
          {
            "id": "42d3dc9658166ffa",
            "type": "leaf",
            "state": {
              "type": "markdown",
              "state": {
                "file": "Lecture Notes/November 24 2025.md",
                "mode": "source",
                "source": false
              },
              "icon": "lucide-file",
              "title": "November 24 2025"
            }
          },
          {
            "id": "d81775ca33364c36",
            "type": "leaf",
            "state": {
              "type": "markdown",
              "state": {
                "file": "Lecture Notes/November 21 2025.md",
                "mode": "source",
                "source": false
              },
              "icon": "lucide-file",
              "title": "November 21 2025"
            }
          }
        ],
        "currentTab": 2
      }
    ],
    "direction": "vertical"
  },
  "left": {
    "id": "2c10f8b6676549ad",
    "type": "split",
    "children": [
      {
        "id": "1006b94abb1c35c3",
        "type": "tabs",
        "children": [
          {
            "id": "0fb01b025a5408fb",
            "type": "leaf",
            "state": {
              "type": "file-explorer",
              "state": {
                "sortOrder": "alphabetical",
                "autoReveal": false
              },
              "icon": "lucide-folder-closed",
              "title": "Files"
            }
          },
          {
            "id": "3c5ea22c6ee57e6d",
            "type": "leaf",
            "state": {
              "type": "search",
              "state": {
                "query": "",
                "matchingCase": false,
                "explainSearch": false,
                "collapseAll": false,
                "extraContext": false,
                "sortOrder": "alphabetical"
              },
              "icon": "lucide-search",
              "title": "Search"
            }
          },
          {
            "id": "bc49309468ff3e3f",
            "type": "leaf",
            "state": {
              "type": "bookmarks",
              "state": {},
              "icon": "lucide-bookmark",
              "title": "Bookmarks"
            }
          }
        ]
      }
    ],
    "direction": "horizontal",
    "width": 300
  },
  "right": {
    "id": "ac0952ea8634221f",
    "type": "split",
    "children": [
      {
        "id": "46a68b6ac87ef208",
        "type": "tabs",
        "children": [
          {
            "id": "2c300d9218c887f7",
            "type": "leaf",
            "state": {
              "type": "backlink",
              "state": {
                "file": "Untitled.md",
                "collapseAll": false,
                "extraContext": false,
                "sortOrder": "alphabetical",
                "showSearch": false,
                "searchQuery": "",
                "backlinkCollapsed": false,
                "unlinkedCollapsed": true
              },
              "icon": "links-coming-in",
              "title": "Backlinks for Untitled"
            }
          },
          {
            "id": "abe7a92c69f6f580",
            "type": "leaf",
            "state": {
              "type": "outgoing-link",
              "state": {
                "file": "Untitled.md",
                "linksCollapsed": false,
                "unlinkedCollapsed": true
              },
              "icon": "links-going-out",
              "title": "Outgoing links from Untitled"
            }
          },
          {
            "id": "75f0ffb1817f0066",
            "type": "leaf",
            "state": {
              "type": "tag",
              "state": {
                "sortOrder": "frequency",
                "useHierarchy": true,
                "showSearch": false,
                "searchQuery": ""
              },
              "icon": "lucide-tags",
              "title": "Tags"
            }
          },
          {
            "id": "4a978ff9badcdafb",
            "type": "leaf",
            "state": {
              "type": "outline",
              "state": {
                "file": "Untitled.md",
                "followCursor": false,
                "showSearch": false,
                "searchQuery": ""
              },
              "icon": "lucide-list",
              "title": "Outline of Untitled"
            }
          }
        ]
      }
    ],
    "direction": "horizontal",
    "width": 300,
    "collapsed": true
  },
  "left-ribbon": {
    "hiddenItems": {
      "switcher:Open quick switcher": false,
      "graph:Open graph view": false,
      "canvas:Create new canvas": false,
      "daily-notes:Open today's daily note": false,
      "templates:Insert template": false,
      "command-palette:Open command palette": false,
      "bases:Create new base": false,
      "obsidian-excalidraw-plugin:New drawing": false
    }
  },
  "active": "42d3dc9658166ffa",
  "lastOpenFiles": [
    "Lecture Notes/attachments/Pasted image 20251124120831.png",
    "Lecture Notes/November 21 2025.md",
    "Lecture Notes/November 24 2025.md",
    "Lecture Notes/November 19 2025.md",
    "Lecture Notes/attachments/Pasted image 20251121121757.png",
    "Lecture Notes/attachments/Pasted image 20251121121146.png",
    "Lecture Notes/attachments/Pasted image 20251121115158.png",
    "Lecture Notes/attachments/Pasted image 20251121114728.png",
    "Lecture Notes/attachments/Pasted image 20251121113305.png",
    "Lecture Notes/attachments/Pasted image 20251119121307.png",
    "Lecture Notes/attachments/Pasted image 20251119121139.png",
    "Lecture Notes/attachments/Pasted image 20251119120440.png",
    "Lecture Notes/attachments/Pasted image 20251119115930.png",
    "Lecture Notes/attachments/Pasted image 20251119114756.png",
    "Lecture Notes/November 17 2025.md",
    "Lecture Notes/November 07 2025.md",
    "Lecture Notes/November 05 2025.md",
    "Lecture Notes/October 27 2025.md",
    "Lecture Notes/October 01 2025.md",
    "Commas.md",
    "Lecture Notes/October 29 2025.md",
    "Lecture Notes/October 24 2025.md",
    "Lecture Notes/October 22 2025.md",
    "Lecture Notes/October 08 2025.md",
    "Lecture Notes/October 06 2025.md",
    "Lecture Notes/November 3 2025.md",
    "Lecture Notes/November 5 2025.md",
    "Rough.md",
    "Lecture Notes/October 31 2025 (Halloweeeeeeen).md",
    "Lecture Notes/September 29 2025.md",
    "Lecture Notes/October 8 2025.md",
    "Lecture Notes/October 20 2025.md",
    "Lecture Notes/October 10 2025.md",
    "Lecture Notes/October 15 2025.md",
    "Learning Objectives.md",
    "(Failure in) Proving Error Bounds of Taylor Approximation.md",
    "attachments",
    "Lecture Notes/attachments",
    "Lecture Notes"
  ]
}